/uod/idr/filesets/idr0093-mueller-perturbation/20200910-rsync/001/001.wpi	001
/uod/idr/filesets/idr0093-mueller-perturbation/20200901-rsync/01_batch/002/002.wpi	002
/uod/idr/filesets/idr0093-mueller-perturbation/20200901-rsync/01_batch/003/003.wpi	003
/uod/idr/filesets/idr0093-mueller-perturbation/20200901-rsync/01_batch/004/004.wpi	004
/uod/idr/filesets/idr0093-mueller-perturbation/20200901-rsync/01_batch/005/005.wpi	005
/uod/idr/filesets/idr0093-mueller-perturbation/20201026-rsync/006/006.wpi	006
/uod/idr/filesets/idr0093-mueller-perturbation/20200901-rsync/01_batch/007/007.wpi	007
/uod/idr/filesets/idr0093-mueller-perturbation/20200901-rsync/01_batch/008/008.wpi	008
/uod/idr/filesets/idr0093-mueller-perturbation/20200901-rsync/01_batch/009/009.wpi	009
/uod/idr/filesets/idr0093-mueller-perturbation/20200901-rsync/01_batch/010/010.wpi	010
/uod/idr/filesets/idr0093-mueller-perturbation/20200901-rsync/01_batch/011/011.wpi	011
/uod/idr/filesets/idr0093-mueller-perturbation/20200901-rsync/01_batch/012/012.wpi	012
/uod/idr/filesets/idr0093-mueller-perturbation/20201026-rsync/013/013.wpi	013
/uod/idr/filesets/idr0093-mueller-perturbation/20200901-rsync/01_batch/014/014.wpi	014
/uod/idr/filesets/idr0093-mueller-perturbation/20200901-rsync/01_batch/015/015.wpi	015
/uod/idr/filesets/idr0093-mueller-perturbation/20200901-rsync/01_batch/016/016.wpi	016
/uod/idr/filesets/idr0093-mueller-perturbation/20200901-rsync/01_batch/017/017.wpi	017
/uod/idr/filesets/idr0093-mueller-perturbation/20200810-rsync/02_batch/018/018.wpi	018
/uod/idr/filesets/idr0093-mueller-perturbation/20200810-rsync/02_batch/019/019.wpi	019
/uod/idr/filesets/idr0093-mueller-perturbation/20200810-rsync/02_batch/020/020.wpi	020
/uod/idr/filesets/idr0093-mueller-perturbation/20200810-rsync/02_batch/021/021.wpi	021
/uod/idr/filesets/idr0093-mueller-perturbation/20200810-rsync/02_batch/022/022.wpi	022
/uod/idr/filesets/idr0093-mueller-perturbation/20200810-rsync/02_batch/023/023.wpi	023
/uod/idr/filesets/idr0093-mueller-perturbation/20200810-rsync/02_batch/024/024.wpi	024
/uod/idr/filesets/idr0093-mueller-perturbation/20200810-rsync/02_batch/025/025.wpi	025
/uod/idr/filesets/idr0093-mueller-perturbation/20200810-rsync/02_batch/026/026.wpi	026
/uod/idr/filesets/idr0093-mueller-perturbation/20200810-rsync/02_batch/027/027.wpi	027
/uod/idr/filesets/idr0093-mueller-perturbation/20200810-rsync/02_batch/028/028.wpi	028
/uod/idr/filesets/idr0093-mueller-perturbation/20200810-rsync/02_batch/029/029.wpi	029
/uod/idr/filesets/idr0093-mueller-perturbation/20200810-rsync/02_batch/030/030.wpi	030
/uod/idr/filesets/idr0093-mueller-perturbation/20200810-rsync/02_batch/031/031.wpi	031
/uod/idr/filesets/idr0093-mueller-perturbation/20200810-rsync/02_batch/032/032.wpi	032
/uod/idr/filesets/idr0093-mueller-perturbation/20200810-rsync/02_batch/033/033.wpi	033
/uod/idr/filesets/idr0093-mueller-perturbation/20200810-rsync/02_batch/034/034.wpi	034
/uod/idr/filesets/idr0093-mueller-perturbation/20200810-rsync/03_batch/035/035.wpi	035
/uod/idr/filesets/idr0093-mueller-perturbation/20200810-rsync/03_batch/036/036.wpi	036
/uod/idr/filesets/idr0093-mueller-perturbation/20200810-rsync/03_batch/037/037.wpi	037
/uod/idr/filesets/idr0093-mueller-perturbation/20200810-rsync/03_batch/038/038.wpi	038
/uod/idr/filesets/idr0093-mueller-perturbation/20200810-rsync/03_batch/039/039.wpi	039
/uod/idr/filesets/idr0093-mueller-perturbation/20200810-rsync/03_batch/040/040.wpi	040
/uod/idr/filesets/idr0093-mueller-perturbation/20200810-rsync/03_batch/041/041.wpi	041
/uod/idr/filesets/idr0093-mueller-perturbation/20200810-rsync/03_batch/042/042.wpi	042
/uod/idr/filesets/idr0093-mueller-perturbation/20200810-rsync/03_batch/043/043.wpi	043
/uod/idr/filesets/idr0093-mueller-perturbation/20200810-rsync/03_batch/044/044.wpi	044
/uod/idr/filesets/idr0093-mueller-perturbation/20200810-rsync/03_batch/045/045.wpi	045
/uod/idr/filesets/idr0093-mueller-perturbation/20200810-rsync/03_batch/046/046.wpi	046
/uod/idr/filesets/idr0093-mueller-perturbation/20200810-rsync/03_batch/047/047.wpi	047
/uod/idr/filesets/idr0093-mueller-perturbation/20200810-rsync/03_batch/048/048.wpi	048
/uod/idr/filesets/idr0093-mueller-perturbation/20200810-rsync/03_batch/049/049.wpi	049
/uod/idr/filesets/idr0093-mueller-perturbation/20200810-rsync/03_batch/050/050.wpi	050
/uod/idr/filesets/idr0093-mueller-perturbation/20200810-rsync/03_batch/051/051.wpi	051
/uod/idr/filesets/idr0093-mueller-perturbation/20200810-rsync/04_batch/052/052.wpi	052
/uod/idr/filesets/idr0093-mueller-perturbation/20200810-rsync/04_batch/053/053.wpi	053
/uod/idr/filesets/idr0093-mueller-perturbation/20200810-rsync/04_batch/054/054.wpi	054
/uod/idr/filesets/idr0093-mueller-perturbation/20200810-rsync/04_batch/055/055.wpi	055
/uod/idr/filesets/idr0093-mueller-perturbation/20200810-rsync/04_batch/056/056.wpi	056
/uod/idr/filesets/idr0093-mueller-perturbation/20200810-rsync/04_batch/057/057.wpi	057
/uod/idr/filesets/idr0093-mueller-perturbation/20200810-rsync/04_batch/058/058.wpi	058
/uod/idr/filesets/idr0093-mueller-perturbation/20200810-rsync/04_batch/059/059.wpi	059
/uod/idr/filesets/idr0093-mueller-perturbation/20200810-rsync/04_batch/060/060.wpi	060
/uod/idr/filesets/idr0093-mueller-perturbation/20200810-rsync/04_batch/061/061.wpi	061
/uod/idr/filesets/idr0093-mueller-perturbation/20200810-rsync/04_batch/062/062.wpi	062
/uod/idr/filesets/idr0093-mueller-perturbation/20200810-rsync/04_batch/063/063.wpi	063
/uod/idr/filesets/idr0093-mueller-perturbation/20200810-rsync/04_batch/064/064.wpi	064
/uod/idr/filesets/idr0093-mueller-perturbation/20200810-rsync/04_batch/065/065.wpi	065
/uod/idr/filesets/idr0093-mueller-perturbation/20201026-rsync/066/066.wpi	066
/uod/idr/filesets/idr0093-mueller-perturbation/20200810-rsync/04_batch/067/067.wpi	067
/uod/idr/filesets/idr0093-mueller-perturbation/20201026-rsync/068/068.wpi	068
/uod/idr/filesets/idr0093-mueller-perturbation/20200810-rsync/05_batch/069/069.wpi	069
/uod/idr/filesets/idr0093-mueller-perturbation/20200810-rsync/05_batch/070/070.wpi	070
/uod/idr/filesets/idr0093-mueller-perturbation/20200810-rsync/05_batch/071/071.wpi	071
/uod/idr/filesets/idr0093-mueller-perturbation/20200810-rsync/05_batch/072/072.wpi	072
/uod/idr/filesets/idr0093-mueller-perturbation/20200810-rsync/05_batch/073/073.wpi	073
/uod/idr/filesets/idr0093-mueller-perturbation/20200810-rsync/05_batch/074/074.wpi	074
/uod/idr/filesets/idr0093-mueller-perturbation/20200810-rsync/05_batch/075/075.wpi	075
/uod/idr/filesets/idr0093-mueller-perturbation/20200810-rsync/05_batch/076/076.wpi	076
/uod/idr/filesets/idr0093-mueller-perturbation/20200810-rsync/05_batch/077/077.wpi	077
/uod/idr/filesets/idr0093-mueller-perturbation/20200810-rsync/05_batch/078/078.wpi	078
/uod/idr/filesets/idr0093-mueller-perturbation/20200810-rsync/05_batch/079/079.wpi	079
/uod/idr/filesets/idr0093-mueller-perturbation/20200810-rsync/05_batch/080/080.wpi	080
/uod/idr/filesets/idr0093-mueller-perturbation/20200810-rsync/05_batch/081/081.wpi	081
/uod/idr/filesets/idr0093-mueller-perturbation/20200810-rsync/05_batch/082/No Response 082
/uod/idr/filesets/idr0093-mueller-perturbation/20200810-rsync/05_batch/083/083.wpi	083
